<?xml version="1.0" encoding="UTF-8"?>
<project-private xmlns="http://www.netbeans.org/ns/project-private/1">
    <editor-bookmarks xmlns="http://www.netbeans.org/ns/editor-bookmarks/2" lastBookmarkId="0"/>
    <open-files xmlns="http://www.netbeans.org/ns/projectui-open-files/2">
        <group>
            <file>file:/C:/Users/ak317/OneDrive/Documents/NetBeansProjects/miniproject/src/java/servlets/UserRegistrationServlet.java</file>
            <file>file:/C:/Users/ak317/OneDrive/Documents/NetBeansProjects/miniproject/web/addEmployee.jsp</file>
            <file>file:/C:/Users/ak317/OneDrive/Documents/NetBeansProjects/miniproject/web/adminHome.jsp</file>
            <file>file:/C:/Users/ak317/OneDrive/Documents/NetBeansProjects/miniproject/web/adminLogin.jsp</file>
            <file>file:/C:/Users/ak317/OneDrive/Documents/NetBeansProjects/miniproject/web/adminupdateemployee.jsp</file>
            <file>file:/C:/Users/ak317/OneDrive/Documents/NetBeansProjects/miniproject/web/index.html</file>
            <file>file:/C:/Users/ak317/OneDrive/Documents/NetBeansProjects/miniproject/web/logout.jsp</file>
            <file>file:/C:/Users/ak317/OneDrive/Documents/NetBeansProjects/miniproject/web/register.jsp</file>
            <file>file:/C:/Users/ak317/OneDrive/Documents/NetBeansProjects/miniproject/web/updateEmployee.jsp</file>
            <file>file:/C:/Users/ak317/OneDrive/Documents/NetBeansProjects/miniproject/web/userHome.jsp</file>
            <file>file:/C:/Users/ak317/OneDrive/Documents/NetBeansProjects/miniproject/web/userLogin.jsp</file>
            <file>file:/C:/Users/ak317/OneDrive/Documents/NetBeansProjects/miniproject/web/viewEmployees.jsp</file>
            <file>file:/C:/Users/ak317/OneDrive/Documents/NetBeansProjects/miniproject/web/META-INF/context.xml</file>
            <file>file:/C:/Users/ak317/OneDrive/Documents/NetBeansProjects/miniproject/build/web/META-INF/MANIFEST.MF</file>
            <file>file:/C:/Users/ak317/OneDrive/Documents/NetBeansProjects/miniproject/build/web/META-INF/context.xml</file>
            <file>file:/C:/Users/ak317/OneDrive/Documents/NetBeansProjects/miniproject/build.xml</file>
            <file>file:/C:/Users/ak317/OneDrive/Documents/NetBeansProjects/miniproject/src/java/servlets/AddEmployeeServlet.java</file>
        </group>
    </open-files>
</project-private>
